"0","filledpauses_df$interval <- as.character(filledpauses_df$interval)"
"0","filledpauses_df$interval_n <- as.numeric(str_extract(filledpauses_df$interval, ""(?<=,)(\\d+)(?=\\])""))"
"0",""
"0","latest_data <- filledpauses_df %>%"
"0","  group_by(Language, Task) %>%"
"0","  summarize(latest_interval = max(interval_n), "
"0","            latest_FilledPauses = last(FilledPauses),"
"0","            lag1 = nth(FilledPauses, n()-1),"
"0","            lag2 = nth(FilledPauses, n()-2)) %>%"
"0","  ungroup()"
"2","`summarise()` has grouped output by 'Language'. You can override using the `.groups` argument."
"0","predict_data <- latest_data %>%"
"0","  select(-latest_FilledPauses) %>%"
"0","  mutate(interval = paste0(""("", latest_interval, "","", latest_interval + TIME_INTERVAL, ""]""))"
"0",""
"0","predictions <- predict(rf_model, newdata = predict_data)"
"0","predict_data$Predicted_FilledPauses <- predictions"
"0","predicted_data <- predict_data %>%"
"0","  mutate(interval = paste0(""("", latest_interval + TIME_INTERVAL, "","", latest_interval + 2*TIME_INTERVAL, ""]""),"
"0","         FilledPauses = Predicted_FilledPauses,"
"0","         Count = Predicted_FilledPauses,"
"0","         Type = 'Predicted') %>%"
"0","  select(-latest_interval, -Predicted_FilledPauses, -lag1, -lag2)"
"0",""
"0","number_of_filled_pauses_data$Type <- ""Observed"""
"0","combined_data <- rbind(number_of_filled_pauses_data, predicted_data)"
"0",""
"0","ggplot(combined_data, aes(x = interval, y = FilledPauses, color = interaction(Language, Task), group = 1)) +"
"0","  geom_line(aes(color = interaction(Language, Task))) +"
"0","  geom_point(data = subset(combined_data, Type == 'Observed'), aes(color = interaction(Language, Task))) +"
"0","  geom_point(data = subset(combined_data, Type == 'Predicted'), color = ""red"", size = 4, shape = 17) +"
"0","  labs("
"0","    title = ""Number of Filled Pauses"","
"0","    x = ""Time Interval (seconds)"","
"0","    y = ""Number of Filled Pauses"""
"0","  ) +"
"0","  theme_minimal() +"
"0","  facet_grid(Language ~ Task) +"
"0","  theme(axis.text.x = element_text(angle = 90, hjust = 1))"
"0",""
